Index,Value
0,0.02121874575431406
1,0.044167532723262584
2,0.05825502960896073
3,0.04345855175191595
4,0.025427406868836412
5,0.03010521774542591
6,0.08475407213514466
7,0.04828626996609543
8,0.14069274478258284
9,0.13721713873769126
10,0.05755150670506074
11,0.043866414570152175
12,0.08856165346746554
13,0.09159614028414159
14,0.024050015694573608
15,0.11527154639481361
16,0.04645608214227329
17,0.03784965967335411
18,0.017889369011432784
19,0.12784541616691877
20,0.020412357536953096
21,0.02007723332964903
22,0.01709843044640271
23,0.05130906537058233
24,0.026827227029537867
25,0.04501702594538473
26,0.036807254920210884
27,0.041860845806852745
28,0.03443847501499013
29,0.02868628168793516
30,0.05092097437176729
31,0.08042317659858328
32,0.02118283061612579
33,0.11130270855261708
34,0.02811224514584365
35,0.04529833837491243
36,0.02857361715042273
37,0.02597903130622662
38,0.019170681307583152
39,0.07308251169439509
40,0.06353978666294427
41,0.10417790378540857
42,0.02089084893540435
43,0.11457914529382147
44,0.034962813003492806
45,0.0523859143012174
46,0.0744871117475313
47,0.017207953496008756
48,0.015933591827558973
49,0.013307271188211251
50,0.044704191721764375
51,0.039303347645690496
52,0.02671912695842557
53,0.03270359318715485
54,0.061643299451119536
55,0.07547195547294788
56,0.0472395964672246
57,0.0343815808088134
58,0.03544782898566137
59,0.05847867989344588
60,0.05863214050365089
61,0.0509192367903859
62,0.047154421228607524
63,0.01883955166948759
64,0.0812706436852738
65,0.10274409563860408
66,0.11831756931916358
67,0.09865794029872188
68,0.03440670588700006
69,0.031032422994200563
70,0.01768153146885205
71,0.04752885655712431
72,0.03820494348979081
73,0.038019679550004355
74,0.013311190205707459
75,0.051850351782701386
76,0.048109894730497205
77,0.03855016260637381
78,0.11489853606413508
79,0.06650436661934515
80,0.11002846749795245
81,0.08017716880015029
82,0.11436114092786624
83,0.06837312515997732
84,0.11094998925487397
85,0.08049108685124037
86,0.1219242156759403
87,0.12825297322775658
88,0.06864575918227088
89,0.11971930829344368
90,0.11750715600385225
91,0.1239606576192559
92,0.09266770423720473
93,0.026189080952582634
94,0.038895991086432796
95,0.012690398696572932
96,0.015567258029565307
97,0.035297591674751876
98,0.06708794085298361
99,0.007216496596110974
100,0.038607789675449374
101,0.029558334435894843
102,0.0245670650760342
103,0.03855585920274716
104,0.020723930050795997
105,0.031522412129281224
106,0.06560397357133776
107,0.0888649971265865
108,0.027756276930446026
109,0.01128893152799133
110,0.002875279935716204
111,0.0076630082565859355
112,0.004635857106835658
113,0.06440359652013641
114,0.011856677291753685
115,0.0359034006035215
116,0.017675114107742404
117,0.042771580109795496
118,0.07220157726969263
119,0.020369596639338364
120,0.005676560056254481
121,0.0017186987644233322
122,0.04595458342393693
123,0.002297529709684447
124,0.01446861842933734
125,0.007704678431292539
126,0.07406122014873602
127,0.024417690418785724
128,0.048077194599408644
129,0.009362689779743015
130,0.011255207649987655
131,0.024943789541723244
132,0.0328681239539551
133,0.018162929883888332
134,0.1225821795256122
135,0.014426766145160228
136,0.06678142636595275
137,0.06030638530939188
138,0.014070048477165727
139,0.15538219853382146
140,0.019555230323826115
141,0.026071408388949883
142,0.03948208278431232
143,0.021858081280049898
144,0.012959264383038759
145,0.03436510501469173
146,0.01700332052630603
147,0.026922757536850445
148,0.005509766107071298
149,0.026176535675900916
150,0.023616731942630344
151,0.01224100828950124
152,0.0223819227345633
153,0.03735888363618785
154,0.030492874252294692
155,0.02680247652600612
156,0.06585663491631796
157,0.033677231947565486
158,0.054680963206969684
159,0.034435794389109105
160,0.03339096409014752
161,0.09521992835421143
162,0.12871935600365472
163,0.14136404580208026
164,0.06053231091474445
165,0.004242945652096338
166,0.002679592723226558
167,0.0039148181538207795
168,0.008004321900920588
169,0.016627494212862956
170,0.005593736514363503
171,0.028768920044329592
172,0.01485694234376334
173,0.010642804217469375
174,0.011037657749202354
175,0.029892316288489935
176,0.007609820318496509
177,0.010229888379433595
178,0.011815318707179924
179,0.009391052651851542
180,0.0452921557744282
181,0.10762454975236334
182,0.04203272124723886
183,0.04021687786791693
184,0.29903464090452947
185,0.11054685046261065
186,0.02149500874019753
187,0.024103574239834932
188,0.017987579021015637
189,0.009188753333735943
190,0.026594830786661566
191,0.02579609182233532
192,0.05090439118002195
193,0.04104817878120607
194,0.014415364494931754
195,0.02023543270704843
196,0.014035200661290404
197,0.017206440934444837
198,0.020859914222815815
199,0.018588900478422946
200,0.012275658093121651
201,0.0625084247986229
202,0.026479333898985137
203,0.029306423219454012
204,0.009095366144292516
205,0.04871685579650443
206,0.029943056666358266
207,0.014574310510369372
208,0.014579480039306822
209,0.01881616572265589
210,0.012701097909680428
211,0.015910309428252768
212,0.16256597846999873
213,0.03460437767636934
214,0.028119459341554708
215,0.03208267421288466
216,0.013829090718674544
217,0.03258596312754593
218,0.021162225471408
219,0.021143080901906565
220,0.03150137616841774
221,0.07628811594026554
222,0.03888278884752785
223,0.008369830712738124
224,0.060695162053753034
225,0.019842953380439975
226,0.01886259600467596
227,0.025102188319855872
228,0.04373874872177205
229,0.05934015599413887
230,0.03358746874318688
231,0.06366609494704836
232,0.047656748161532064
233,0.06266255880246455
234,0.06306602906805793
235,0.1282935204224247
236,0.03876646710552633
237,0.03367746986877035
238,0.14984890197789513
239,0.16278716293653425
240,0.17798764809413992
241,0.11868765389385871
242,0.05113663627839198
243,0.0261085104121571
244,0.026204557521521964
245,0.06041167313519682
246,0.05379804351306777
247,0.03919438158892927
248,0.050692723399464894
249,0.10254314930263597
250,0.052106208023377266
251,0.05094115803038522
252,0.04920346531349898
253,0.04847958456802826
254,0.006569511283330465
255,0.00694584265366714
256,0.05148200273342343
257,0.037659395252141896
258,0.07391411499044312
259,0.023982091187881003
260,0.04449099772545677
261,0.03314007720001743
262,0.029338820477555184
263,0.022811630960865456
264,0.058243581035039196
265,0.022839254692002618
266,0.024400851133765868
267,0.05860672749674844
268,0.07068250401184897
269,0.04468303718709067
270,0.035058674718299335
271,0.019547529858256765
272,0.038737154700905524
273,0.1562784665965031
274,0.10782679088927978
275,0.026034819701628232
276,0.06269915795428058
277,0.06459738955978706
278,0.029484197503475067
279,0.04259334004886516
280,0.05325128810726763
281,0.06067852936896439
282,0.04446348001311548
283,0.02363216903472
284,0.07837003176672218
285,0.04436621139470632
286,0.04781286956935919
287,0.07386083793553168
288,0.04351826015585614
289,0.046085913152509546
290,0.048730348016009006
291,0.029280578575048045
292,0.062360184611883425
293,0.07155524683337078
294,0.04910320305039904
295,0.030666934726019255
296,0.007964935290928461
297,0.016914406044670812
298,0.016830092032219853
299,0.020628362961523927
300,0.018951296405396553
301,0.023466070624099153
302,0.018992082251066897
303,0.014487241178093482
304,0.006885391171482275
305,0.043755271357203945
306,0.018041119109619176
307,0.016651733737592992
308,0.007128573285829467
309,0.018721287124935784
310,0.009116886864620567
311,0.030517638905875267
312,0.01512595861049862
313,0.020483004650524314
314,0.003585756988474337
315,0.01260324689562776
316,0.03482362662489785
317,0.009108231107842625
318,0.030634358373930564
319,0.005754541767080376
320,0.0050908204074195385
321,0.03275771640816396
322,0.010574572050633325
323,0.011508396653348385
324,0.007165754910698342
325,0.018625707295953812
326,0.04653403070529327
327,0.0068279889686356735
328,0.017227472255567033
329,0.020994519102811825
330,0.037150654504817054
331,0.05649782668264934
332,0.035631168401562975
333,0.03447322103865464
334,0.02124702954002663
335,0.003935051030278837
336,0.015130979070094957
337,0.019180079755226086
338,0.00804759180115501
339,0.002812173945072978
340,0.00273171824564172
341,0.0014616642776705724
342,0.004017309485664115
343,0.011032372544484184
344,0.015209139360454949
345,0.015328646589225906
346,0.0042235989612130305
347,0.0064734920247238705
348,0.013579468134881091
349,0.019868074058107473
350,0.010894719246593474
351,0.013850582256667243
352,0.003917443548055862
353,0.004153916939306843
354,0.0019346065566563306
355,0.00383878885263278
356,0.00717815972223151
357,0.011484852264366298
358,0.010363632809116763
359,0.008154002157276359
360,0.004788428673499225
361,0.005754784371058727
362,0.0044062789673441054
363,0.004794787708041976
364,0.042679757682836036
365,0.0015844590764606012
366,0.0015492694114997774
367,0.0007696200083305052
368,0.04020539075575954
369,0.021121423254631753
370,0.0011851311090458534
371,0.0012021982480160981
372,0.010464202476498112
373,0.001876240170140523
374,0.0004942915696415465
375,0.0013714288478419284
376,0.013513554558102079
377,0.006948038340525194
378,0.12238410518067619
379,0.006351438476951469
380,0.023964014359199502
381,0.02871961951444308
382,0.005069465497513679
383,0.0025996445821052094
384,0.0025818533787526654
385,0.002789586332393679
386,0.00869106409655659
387,0.004529578024535248
388,0.009038917766179032
389,0.0030326305418089373
390,0.003534739328201425
391,0.014019837309066505
392,0.013908135085106285
393,0.08243239967540657
394,0.004234340954876419
395,0.02634849830665797
396,0.010357395598236188
397,0.028405757412287295
398,0.0028097148698824764
399,0.010156132488626488
400,0.01029029072369541
401,0.07233432400963337
402,0.01322225900506643
403,0.00609046992049498
404,0.009663071266415448
405,0.0008974588589164778
406,0.0008965774225897275
407,0.0007077946616819815
408,0.00040839310784139223
409,0.0007026147750714172
410,0.0009157598064307898
411,0.003040472662490259
412,0.0030940783453275527
413,0.0005575275533123127
414,0.021622142619299685
415,0.109442519965452
416,0.004890559952507198
417,0.015435260546989455
418,0.029091652413147373
419,0.017694478433254758
420,0.04547003808820225
421,0.07781940207183968
422,0.040648998502924485
423,0.08070568022184775
424,0.000843531005685962
425,0.07347495381793516
426,0.0008803562036945852
427,0.010781609834751824
428,0.0181884124770587
429,0.012999666294187844
430,0.024135206116978357
431,0.027614352888027476
432,0.05506649838840914
433,0.02116003353540658
434,0.019995072332020893
435,0.03828847625225631
436,0.02240136878476505
437,0.031402145416204806
438,0.02483449496307116
439,0.034988016416206545
440,0.007961376221483761
441,0.01323468335578836
442,0.007155038835531818
443,0.007045863151092155
444,0.011131797024055774
445,0.013019911948312375
446,0.005295549040584902
447,0.004834250623418969
448,0.013690970404535511
449,0.02813552553015354
450,0.05416252614008278
451,0.0033387748286561507
452,0.02852549033243577
453,0.024723493721676405
454,0.02995580016177463
455,0.03781378477517478
456,0.025999964282989545
457,0.006174085664936601
458,0.005545777722278945
459,0.01502519968500373
460,0.009478264674278262
461,0.018543882958598497
462,0.022020206502251335
463,0.06496557595114473
464,0.009873962995074584
465,0.007818507163471912
466,0.0103917825890288
467,0.023493207167373856
468,0.004923507148296297
469,0.006132030732413061
470,0.020478233820870308
471,0.021324178879631076
472,0.05506239798963988
473,0.02710743721907861
474,0.02342138841720017
475,0.1337035094413232
476,0.0310474962230763
477,0.014058959661639335
478,0.08410588866536534
479,0.009081831214052065
480,0.010702556309992972
481,0.028312114365113696
482,0.033881818682384685
483,0.04871801759844688
484,0.026089583964076173
485,0.026729066019325235
486,0.026064175103242375
487,0.012264978634046504
488,0.008065917944559572
489,0.01810622436088362
490,0.008197628454104506
491,0.010020985439945356
492,0.008165402532264873
493,0.053583208081485346
494,0.05108367977799483
495,0.003581941498646941
496,0.00181242611884363
497,0.025534025943691634
498,0.015068305277475894
499,0.023496785929026973
500,0.020267444652930337
501,0.019233013503101123
502,0.012945076933622368
503,0.013295881597174678
504,0.06773408652058972
505,0.06801866251411809
506,0.03639128770636304
507,0.25011351171372437
508,0.02536764629805001
509,0.020902199858213955
510,0.02479729614113729
511,0.03700418880054185
512,0.019983281292085934
513,0.024596220826620697
514,0.03371080073428905
515,0.018247434149648304
516,0.01813479224235727
517,0.051637931748535496
518,0.041154719095619796
519,0.039595429637781704
520,0.013593480307528136
521,0.015085020086136191
522,0.056053741007360616
523,0.028865086385089677
524,0.03572947059137839
525,0.022079714873477815
526,0.01012119945490049
527,0.012825239062217955
528,0.03933534244602822
529,0.013391519814271991
530,0.021622777766869713
531,0.0054451473052178866
532,0.00901413719057447
533,0.010360849955057119
534,0.042372596069593954
535,0.01925692063429798
536,0.003996502853120459
537,0.003758530342574492
538,0.006557800091242566
539,0.00481005279855152
540,0.004850672253403654
541,0.008524343910957998
542,0.008476058280836774
543,0.021200760302775196
544,0.011598808420699096
545,0.010850883527537434
546,0.01892669036593001
547,0.011458723192562652
548,0.012706060209557953
549,0.05932334961939209
550,0.015601994275519233
551,0.0019768209915092733
552,0.009201455782658456
553,0.013597315890860719
554,0.005136357264412982
555,0.055500035336164065
556,0.07903317892435596
557,0.022562068971352774
558,0.025916196269403523
559,0.011057024007277767
560,0.014705712323819032
561,0.012613728792412276
562,0.020264819490089438
563,0.017474769794675864
564,0.02296496690434094
565,0.007225669705267123
566,0.055718181739120395
567,0.010143622113910948
568,0.013530131021428572
569,0.008354810372164677
570,0.010567041070398842
571,0.020648222977717675
572,0.014698403577846693
573,0.022799386911462712
574,0.015622756184979929
575,0.009365672529936874
576,0.006864882155685433
577,0.018715682676030368
578,0.009830938213914642
579,0.015053091318898903
580,0.015329816145320552
581,0.009777894812462424
582,0.005698423956144838
583,0.011971089547973303
584,0.018664909547877143
585,0.006686959913801542
586,0.014066046205939146
587,0.009055391857990156
588,0.009638867336172884
589,0.018940298977226034
590,0.013711803078875548
591,0.02312433664502751
592,0.019634441030446422
593,0.016805361016317612
594,0.011578967808443575
595,0.008434659861798194
596,0.007216025390981333
597,0.010077608665287816
598,0.016087496829970637
599,0.005897117034390709
600,0.06888348205096335
601,0.02255851730168296
602,0.005793624317386361
603,0.00561991163260788
604,0.029295638664835928
605,0.09128377797992968
606,0.013472354349896565
607,0.011231443847611274
608,0.01646729928644507
609,0.008962117899967443
610,0.016736495106714294
611,0.07657886976575277
612,0.022250849825737138
613,0.017978736675302018
614,0.004341601912336027
615,0.015640224311704063
616,0.0201007829082605
617,0.0032529163271804514
618,0.00825696193316429
619,0.008881767501917676
620,0.003231946315891778
621,0.028942734302937506
622,0.0024294251900275564
623,0.0023430411274376153
624,0.0018196464545317372
625,0.007583661227167372
626,0.015692246513273167
627,0.01561920698801489
628,0.005569618371501479
629,0.026859486949943338
630,0.015380461055956274
631,0.007375172142757112
632,0.027380692077702707
633,0.02147159484681333
634,0.037374299363880086
635,0.04100650836292509
636,0.016796468562489675
637,0.027650296567191437
638,0.056208845283835546
639,0.02950713611498509
640,0.04495115856147449
641,0.04799702988334806
642,0.02433813977489576
643,0.01499532243750221
644,0.022423717710688632
645,0.04542883749631785
646,0.04075015405422976
647,0.03538294291952939
648,0.05731102814804265
649,0.05213017507107993
650,0.04493852908668572
651,0.050546409480316946
652,0.05096910123562932
653,0.04728444436933871
654,0.037438370656001974
655,0.056814424662506455
656,0.04238244803909546
657,0.11642383226800185
658,0.02720765396298511
659,0.014176116471753297
660,0.014261163205133744
661,0.02055968160408069
662,0.020047594813924326
663,0.020339170529653342
664,0.014768518886964179
665,0.02999078778769187
666,0.03764402583904865
667,0.01876060776136576
668,0.08199865235818551
669,0.0503840468170867
670,0.051295466294165946
671,0.04611583847163648
672,0.03540584401111781
673,0.02081032325911211
674,0.021910128105058557
675,0.04843999689116188
676,0.036783564185018616
677,0.027028338229375937
678,0.029144634387790566
679,0.022603291173169414
680,0.04928375741072586
681,0.014940581647083744
682,0.0501724096743388
683,0.06965511452948889
684,0.11165499229642023
685,0.018683282525058457
686,0.06115598313801116
687,0.07700030484851988
688,0.08288160549258711
689,0.0534930749634968
690,0.07447969421399518
691,0.06011412812007433
692,0.014713546207218544
693,0.016854077126728772
694,0.01515624200111349
695,0.05395873505164401
696,0.024833625788743135
697,0.05681391048001719
698,0.07524631381835999
699,0.07644652240608933
700,0.06768032230838009
701,0.060355402211162694
702,0.01949432746688503
703,0.016809424628511933
704,0.01966695130075084
705,0.02438069253554227
706,0.06185234399632264
707,0.02239720120474017
708,0.02883214363628761
709,0.03590310707365589
710,0.022639364414199222
711,0.10478821126722769
712,0.08563203551155225
713,0.16834072242335668
714,0.05879214870214674
715,0.07748945362134145
716,0.08128881948545086
717,0.05157343030245353
718,0.1123723380049012
719,0.09251141196100943
720,0.0874096405509018
721,0.2656766131468424
722,0.03113649055406197
723,0.05232896526144239
724,0.12334010621296317
725,0.27251747232286383
726,0.13289627376524257
727,0.14177637328115353
728,0.025113271210683706
729,0.12418085424496532
730,0.0340218895644523
731,0.07873756964034433
732,0.11800494173067672
733,0.026335187019118977
734,0.05031174468192221
735,0.07975406817390816
736,0.10022864596574207
737,0.11489742885406594
738,0.11876110372150674
739,0.02154388944057658
740,0.028269692214147754
741,0.03435385948328661
742,0.04476873862621809
743,0.021309122706435618
744,0.017925670768067347
745,0.03749308725267186
746,0.019874470425968932
747,0.04464073387128419
748,0.08490741229391696
749,0.03181132769303977
750,0.10797746636003777
751,0.04054566637576674
752,0.028359438173980397
753,0.027813216623099025
754,0.07457055129878734
755,0.05849224783158562
756,0.008785804103514622
757,0.0136588408149235
758,0.012201694102959413
759,0.03784339229573928
760,0.024317339994642233
761,0.02855111554882295
762,0.09459782548268451
763,0.033528339737860825
764,0.03557681711653169
765,0.09344126531551794
766,0.04820198160924642
767,0.009322846100032468
768,0.010194063052534195
769,0.04053013666911796
770,0.03963655485264403
771,0.026170629504685912
772,0.026054222707310407
773,0.05698674946548855
774,0.02413286942840076
775,0.03084821696278762
776,0.04334458646454439
777,0.05019516204184844
778,0.06467834161214936
779,0.025941657869536595
780,0.01036631311896532
781,0.022370810289218394
782,0.0333057018152272
783,0.03336002003497057
784,0.040859390364214085
785,0.03242691592101632
786,0.04786197768059617
787,0.009995079121466242
788,0.008458722719716136
789,0.007319670095538469
790,0.004328877081249387
791,0.0058907312635092975
792,0.009833601362210941
793,0.017606978934646605
794,0.007339672910035966
795,0.32700828532052983
796,0.22820625349484394
797,0.024200822807782765
798,0.027600379863488976
799,0.01996374072085158
800,0.021740313837674115
801,0.05354458051678745
802,0.03849293406893132
803,0.02573748530948691
804,0.02669284032516001
805,0.02966411160444902
806,0.014891998596730217
807,0.05273227906120433
808,0.08568310179760878
809,0.05607766324060238
810,0.10687575697663679
811,0.06623441863486412
812,0.05411608899683271
813,0.04668828582972921
814,0.053604901474592674
815,0.037922487546637906
816,0.03288091465356205
817,0.03351419415713575
818,0.03168715141049652
819,0.027851112399274024
820,0.023129273643193272
821,0.014775917133882011
822,0.029651254563674286
823,0.013747793108761824
824,0.04432329582917054
825,0.020742081923865084
826,0.017757490701135237
827,0.022326095826221946
828,0.023569474332313597
829,0.039614053669596985
830,0.11191707803695179
831,0.041069150724131614
832,0.020298070859138893
833,0.06230922600115307
834,0.01909806748228883
835,0.0409318221826647
836,0.020354798052635195
837,0.02720449713060252
838,0.05673159337064626
839,0.02893965255580063
840,0.020216705772356732
841,0.03435700234492906
842,0.05865017744167922
843,0.058681327565008504
844,0.08567770266633071
845,0.027367445068469047
846,0.027497998180808003
847,0.03936342958263657
848,0.019836419605382308
849,0.03027778180354152
850,0.03607301892310781
851,0.004217745607167553
852,0.09686811300284909
853,0.02917524992162647
854,0.0137415483664662
855,0.01662122820113852
856,0.027907930510806422
857,0.09719968604264186
858,0.10877144055151555
859,0.10825242956683954
860,0.006805443308643945
861,0.02636017858642047
862,0.015275348542264023
863,0.020265165561491837
864,0.05485833809782303
865,0.010588253357007214
866,0.011824769837323579
867,0.01735320786150577
868,0.009154694000700559
869,0.015275014484384102
870,0.015938765508925826
871,0.0033113371451449713
872,0.005788476521205842
873,0.007678104331168628
874,0.008093100081833615
875,0.003631992253258928
876,0.011283483676149819
877,0.00351184684649062
878,0.005215027939594646
879,0.0036972153390092194
880,0.03827278777667935
881,0.0067450280827467245
882,0.0032100572405823515
883,0.011367782437101358
884,0.001907954606148821
885,0.0022434172538258602
886,0.0065966172181756355
887,0.0020611983807156207
888,0.002474768219934748
889,0.008149265849272412
890,0.002722360878243909
891,0.006614871158155055
892,0.006500547303565363
893,0.04879835294974808
894,0.007579626077871982
895,0.0073596625590475785
896,0.004144135583634232
897,0.008316409328681095
898,0.008173231657524321
899,0.0035512532732081452
900,0.0038856358012655757
901,0.009803401826418291
902,0.008484376590466924
903,0.03722658063698527
904,0.06263766864391063
905,0.027587438962218803
906,0.006350664564443498
907,0.0023916860315763787
908,0.07659284473422928
909,0.10238011877569632
910,0.10229370370807027
911,0.01991433424298391
912,0.019039096796174087
913,0.018360254830743834
914,0.017756729150670964
915,0.018631110220451667
916,0.05614126681906231
917,0.10053846743985434
918,0.09956390798279449
919,0.013652749659613779
920,0.02357795826896221
921,0.007651747517059671
922,0.032160618277561955
923,0.04042041330522771
924,0.1080809935574716
925,0.011523978227342696
926,0.004731641227707205
927,0.002767266697149919
928,0.009600776441937416
929,0.004514628205855144
930,0.0037319085899640255
931,0.006271713345175384
932,0.00154553894498754
933,0.0036282476670922224
934,0.002013357056020808
935,0.0007131682398177615
936,0.018407799084761513
937,0.005549145004910296
938,0.011606879641856945
939,0.048531909933102135
940,0.04993667963856624
941,0.013951775300657004
942,0.014366169955169945
943,0.026390134548978456
944,0.010362154683558061
945,0.0038480732669908036
946,0.04549503051075306
947,0.04122932829999518
948,0.027255699728469692
949,0.04162072855210137
950,0.03517758876794851
951,0.0044113228357993885
952,0.004315809411139837
953,0.0035182273220097007
954,0.005225471641976718
955,0.003964993659038799
956,0.002357804620656517
957,0.009375017707598679
958,0.0028724901523427978
959,0.04061493513083647
960,0.05520189164674697
961,0.010146074862894774
962,0.03747690028659111
963,0.01080876820311125
964,0.0078674356007225
965,0.006954570062727443
966,0.002063615688226734
967,0.030501273220465808
968,0.020411547180120573
969,0.0036145082518734923
970,0.00913406927694107
971,0.006661346312621053
972,0.010603379194618102
973,0.010048345797360391
974,0.006898749404497173
975,0.03058795117519171
976,0.00979456430299403
977,0.029215194692029812
978,0.009338837011873076
979,0.009276403768637078
980,0.049118402120189274
981,0.021201751116549
982,0.005820580309298239
983,0.0015657673427136442
984,0.001809901001330617
985,0.0018200732429860653
986,0.0010845704359522656
987,0.011203259606651195
988,0.01114496037732933
989,0.011193311274139452
990,0.049790862657177186
991,0.023708180429514916
992,0.014962959612919715
993,0.01394890829034941
994,0.00607561410883243
995,0.03142555927524924
996,0.06579125201547016
997,0.08254098332769322
998,0.024529585185404535
999,0.011850577832707676
1000,0.012077136742698634
1001,0.026343870449696404
1002,0.04906832926031548
1003,0.021790866610332936
1004,0.02478539266950365
1005,0.02342067628621385
1006,0.01541694218351099
1007,0.008611813693560589
1008,0.0073279596889069985
1009,0.03932469557947822
1010,0.008027328657683947
1011,0.015272595222487821
1012,0.023360291142510606
1013,0.011476066333240529
1014,0.007499476525114951
1015,0.012253621579835809
1016,0.03508937236017336
1017,0.031741631178746725
1018,0.08007285077919414
1019,0.08514151050781628
1020,0.011882618437540729
1021,0.024881285350508445
1022,0.011104052980855315
1023,0.02219604282887809
1024,0.01610952235554084
1025,0.016425115897560766
1026,0.02147625579938308
1027,0.01743087512698922
1028,0.045776166557865226
1029,0.02110729869326251
1030,0.023370485821935964
1031,0.028245777549848746
1032,0.02698844767580685
1033,0.01788401382541228
1034,0.010380973663131187
1035,0.009264049187694712
1036,0.008172129627734913
1037,0.02170276762421621
1038,0.03483021722567638
1039,0.04850082402135661
1040,0.047401126546853904
1041,0.04713058523441869
1042,0.02082987054989511
1043,0.013659918505409067
1044,0.0459967249703916
1045,0.04318762488179734
1046,0.015384623583227225
1047,0.018337994188329074
1048,0.025444833308933726
1049,0.030674654827899397
1050,0.010021675725064438
1051,0.028830114420328776
1052,0.032002342803290354
1053,0.11493917710986853
1054,0.02966862285964182
1055,0.05856576494954413
1056,0.054962615588796615
1057,0.018787028929434207
1058,0.10531535919628196
1059,0.029758279712561054
1060,0.02902210882313382
1061,0.031219094030566184
1062,0.021064750548505918
1063,0.028855345594341938
1064,0.03204748082739008
1065,0.03273625152696033
1066,0.02696455304910999
1067,0.024731492228466632
1068,0.021140579465382458
1069,0.04780830430547869
1070,0.08296624943739372
1071,0.05155053078227569
1072,0.24244084606415028
1073,0.2090183768601709
1074,0.2243490392488338
1075,0.03450132847399188
1076,0.03473949958987066
1077,0.19539898502227906
1078,0.08814739067203967
1079,0.012637869343354624
1080,0.01921092843847858
1081,0.013101078137554885
1082,0.012232022350305636
1083,0.12549340729284741
1084,0.026306411769943763
1085,0.018194422114900414
1086,0.00902145874283162
1087,0.012239523539252473
1088,0.014052475112611056
1089,0.04287479285062339
1090,0.03896852698037143
1091,0.0821632844679712
1092,0.042996740757200655
1093,0.022504419115914737
1094,0.03523995320900409
1095,0.054740588217543414
1096,0.06015253539087286
1097,0.01720862431165115
1098,0.06991746633204163
1099,0.09528231243495347
1100,0.033895963334717366
1101,0.05695213858346784
1102,0.042848357202205554
1103,0.03166110572670605
1104,0.08239953240287895
1105,0.027075712253618055
1106,0.05688810551962696
1107,0.03818908695174489
1108,0.06581665450969423
1109,0.07655752468949577
1110,0.030513518858899545
1111,0.060445247424547544
1112,0.0066024475446161005
1113,0.24111643003165206
1114,0.23969389303455219
1115,0.03076867630788191
1116,0.030781327467989703
1117,0.015067517195029263
1118,0.018999551327307348
1119,0.01188035440194389
1120,0.008302648329513775
1121,0.0062906868395918416
1122,0.0037853846193648105
1123,0.0016196669780075138
1124,0.001421304965159893
1125,0.0024747128755320024
1126,0.04324985918748955
1127,0.056381416131096665
1128,0.11169509512960313
1129,0.028684496454896253
1130,0.3008331152423811
1131,0.0178988755560718
1132,0.006780695011443537
1133,0.2125915425068841
1134,0.011735924688481074
1135,0.023922803314490967
1136,0.006822107963604293
1137,0.059304530479664344
1138,0.011413278682640167
1139,0.012116616706447213
1140,0.014230316481259542
1141,0.009931788894231504
1142,0.03980523246975618
1143,0.032532039475895586
1144,0.042883889636545124
1145,0.011454446125134195
1146,0.026820076528183787
1147,0.0066392460992783465
1148,0.004613582336532568
1149,0.008262191722959215
1150,0.07015450823176575
1151,0.009608756516722721
1152,0.06876945466302303
1153,0.05076491202272836
1154,0.0037529531944869294
1155,0.2851485002164325
1156,0.013482198516723913
1157,0.010527211758785637
1158,0.04519988520824417
1159,0.031637713448844494
1160,0.034973061967570704
1161,0.07350679673116596
1162,0.04110519416538655
1163,0.12244212693905913
1164,0.07961953609999141
1165,0.018115770643787155
1166,0.066171234348588
1167,0.1522127013791967
1168,0.22590170475545426
1169,0.05578642473286402
1170,0.08423181851500543
1171,0.08951399787093728
1172,0.04263720748455976
1173,0.09569028844679521
1174,0.0499674627715725
1175,0.14111074798386627
1176,0.081186022037203
1177,0.05230570703859112
1178,0.07750986758125515
1179,0.1448485354848192
1180,0.031447838197747637
1181,0.041523648254719284
1182,0.08166856538639417
1183,0.02141314847539476
1184,0.08144303859286009
1185,0.1399131818452346
1186,0.08375817307148799
1187,0.038147143508941016
1188,0.06027344590609443
1189,0.021741276067058286
1190,0.030086765069951133
1191,0.050277823190239726
1192,0.04638009271089267
1193,0.04510385309543148
1194,0.13409487493926597
1195,0.09074241577251231
1196,0.02346763695612307
1197,0.01921882239534719
1198,0.02066281542735368
1199,0.06863708768001239
1200,0.03642455383571402
1201,0.03891738746989794
1202,0.09306326594614632
1203,0.10550281388144564
1204,0.0871659885472656
1205,0.11181301079344765
1206,0.04631104221445197
1207,0.061489490775879625
1208,0.038866450193858176
1209,0.05662721318675314
1210,0.05196697036662123
1211,0.06636268533786543
1212,0.10990225304587364
1213,0.009079424848561675
1214,0.18734874028362034
1215,0.07918068404642764
1216,0.19175259956736965
1217,0.048033508422838024
1218,0.04763962285475596
1219,0.021853817463637296
1220,0.009840263754448481
1221,0.02033737774473292
1222,0.04751536437248487
1223,0.06727605392226219
1224,0.037594836733697436
1225,0.037041985107329714
1226,0.04963401023777878
1227,0.06357000761129021
1228,0.03459480587248548
1229,0.02012210324691888
1230,0.1349299634007708
1231,0.10678335122425452
1232,0.04786112142843681
1233,0.13497253087607589
1234,0.07984920466718226
1235,0.13084302184165972
1236,0.030019864971338642
1237,0.015872168337874176
1238,0.07604966593951812
1239,0.05006221604483979
1240,0.07296447892050013
1241,0.05661858329760713
1242,0.040472158468843486
1243,0.040795039634035565
1244,0.05481126516498451
1245,0.14686227776369193
1246,0.046911387702937596
1247,0.07077933093093203
1248,0.05718113849239228
1249,0.05548895765007372
1250,0.04018789232594456
1251,0.014694881698541858
1252,0.02499539149973622
1253,0.031665056094173825
1254,0.055184522778147845
1255,0.020372497784943214
1256,0.015099207691041639
1257,0.06447451821394073
1258,0.058252083277432164
1259,0.05415294648155093
1260,0.015905327271968365
1261,0.044396668677154014
1262,0.04592517151558978
1263,0.11152256791064577
1264,0.18244537253547974
1265,0.15154887706932155
1266,0.14733785013536052
1267,0.09189334039664697
1268,0.042408808063339715
1269,0.1704116973693411
1270,0.09647648994184198
1271,0.030968000064937096
1272,0.009270752359710612
1273,0.01993667398736256
1274,0.013758326282545273
1275,0.015228951045226853
1276,0.006998926401759733
1277,0.010174079058675537
1278,0.05283657489450655
1279,0.07782481594290624
1280,0.05502111558881986
1281,0.06584203051730475
1282,0.06958566737130996
1283,0.054855164281941454
1284,0.04986201277108373
1285,0.07662773798142758
1286,0.07408473134891408
1287,0.16378188111766717
1288,0.040984313865636064
1289,0.03357823181902621
1290,0.08709831408323947
1291,0.05844437396145302
1292,0.11331588850955654
1293,0.04585605313190607
1294,0.058586847325623116
1295,0.08553213250178655
1296,0.11278194171528687
1297,0.18363192465571138
1298,0.0663600634914275
1299,0.04238077950084265
1300,0.012181757878630038
1301,0.010444355771456398
1302,0.04370544688598024
1303,0.10463116572775549
1304,0.020278612257360024
1305,0.0069048285017427255
1306,0.004007573309133792
1307,0.03342832387196316
1308,0.011501543004581317
1309,0.0557666721170294
1310,0.01806101995364583
1311,0.0050811138295432
1312,0.05131313503465982
1313,0.024719366872013603
1314,0.07183187359759384
1315,0.42961206388310075
1316,0.03011314061565434
1317,0.02873544639420832
1318,0.081090571734356
1319,0.15814294097339537
1320,0.09508655994179512
1321,0.016987703926187984
1322,0.36106683541286455
1323,0.028730958870824507
1324,0.045885558827939175
1325,0.025839116825908368
1326,0.043676768529089666
1327,0.017133316101772517
1328,0.01877780594428665
1329,0.01596800494852446
1330,0.006954132342877351
1331,0.034557939690118444
1332,0.012432923382379297
1333,0.0159149137465111
1334,0.02764337169196638
1335,0.017955131539224643
1336,0.01572701933211216
1337,0.039212415763642594
1338,0.02021043303861825
1339,0.045872968912725784
1340,0.03921566319216775
1341,0.03977865120126691
1342,0.0009734051382318924
1343,0.046138931121911426
1344,0.0010982110236259473
1345,0.2002529479456342
1346,0.032663826932367475
1347,0.05706982501485765
1348,0.0016820897979495147
1349,0.004083376434330817
1350,0.0012561220864389195
1351,0.011899537376055504
1352,0.017520554087150773
1353,0.01811549687424686
1354,0.04149498895369079
1355,0.0056508144543578505
1356,0.01943956790082045
1357,0.015497357099127829
1358,0.011162689793235188
1359,0.030897903550796496
1360,0.0014621812926650113
1361,0.011644479394663995
1362,0.034773978885016286
1363,0.03580673166129074
1364,0.031500241219722065
1365,0.035403227618468314
1366,0.027552315441965475
1367,0.02073623881773836
1368,0.03386868641891593
1369,0.028960134008321415
1370,0.0334225795367816
1371,0.026695718009042083
1372,0.016273392298175305
1373,0.0056182501526783725
1374,0.011520616450701706
1375,0.024641459439374014
1376,0.030311617162833343
1377,0.04466865025694088
1378,0.016413280055757
1379,0.018624447053615004
1380,0.019524041744479338
1381,0.019797061067048177
1382,0.09953449053088026
1383,0.026693376079289236
1384,0.022365451422557494
1385,0.01674041035863004
1386,0.03438054005583236
1387,0.028372975637169486
1388,0.10021919402265354
1389,0.0603044547572206
1390,0.03468291415248715
1391,0.011944312603385071
1392,0.017460860837107108
1393,0.011742484422210724
1394,0.01640732017419637
1395,0.030413092675889403
1396,0.02830998183602949
1397,0.020199905764179495
1398,0.012971179570088427
1399,0.06583692367875418
1400,0.0301067423821897
1401,0.21278544088149784
1402,0.01911297905578438
1403,0.019391498611069626
1404,0.07043375893802421
1405,0.030693434453858373
1406,0.066114540880851
1407,0.09238966659784299
1408,0.05228246616387973
1409,0.07838373209051815
1410,0.047378619596105016
1411,0.05000854287157524
1412,0.0774927849743504
1413,0.042772022563013115
1414,0.04645459684357961
1415,0.048321950976585475
1416,0.06969645458362392
1417,0.02622563042139374
1418,0.02370198743389794
1419,0.024832899786776306
1420,0.01793210682945921
1421,0.020227538042473535
1422,0.015331335947530233
1423,0.01734333247867735
1424,0.08798271006130552
1425,0.04025180514793755
1426,0.03343217207107251
1427,0.04663525592943496
1428,0.04397448708733056
1429,0.04263817699412644
1430,0.023199814761729182
1431,0.03339401233617682
1432,0.08202385557170143
1433,0.09293728287717311
1434,0.08841638078338057
1435,0.0977767802656891
1436,0.05321461680952791
1437,0.057099598845923125
1438,0.04734111020037408
1439,0.045300076436041906
1440,0.025296221762300966
1441,0.025647301399501114
1442,0.024104474749210673
1443,0.022869934451844254
1444,0.015224121091802196
1445,0.0800758726671371
1446,0.07042510389931228
1447,0.02902172245503904
1448,0.0401170119745639
1449,0.07130976122586982
1450,0.05283433102595742
1451,0.03666605457195574
1452,0.022967819146398494
1453,0.032913268468048845
1454,0.02250626008406504
1455,0.032372390777961
1456,0.026671877647119265
1457,0.08620563661111164
1458,0.05792059036058754
1459,0.05486110531836644
1460,0.031653697324503446
1461,0.017661935375285705
1462,0.02110816252864175
1463,0.028684836509544103
1464,0.017716783431330332
1465,0.047025864506013884
1466,0.06340353964013316
1467,0.04119512798287163
1468,0.03312869822375033
1469,0.027809629787107982
1470,0.0581582518665657
1471,0.05068525202142236
1472,0.030789300741713932
1473,0.02618099250382833
1474,0.05256867453335918
1475,0.05524752016518726
1476,0.05911880677987587
1477,0.002466053124752265
1478,0.004035954127882521
1479,0.054816149788758955
1480,0.03882446417749252
1481,0.045914722143259264
1482,0.0176452968526034
1483,0.0422105089685169
1484,0.028268594324653642
1485,0.04678595178784103
1486,0.035202812742696
1487,0.04555539876107011
1488,0.06022718551644206
1489,0.04682414045688799
1490,0.04355866863943028
1491,0.09959914354466866
1492,0.05108273359818191
1493,0.057681611633535086
1494,0.038659356976800924
1495,0.02477073565181127
1496,0.09966494547303414
1497,0.01937397887566182
1498,0.01255215218924426
1499,0.01174931319531264
1500,0.02282334812443736
1501,0.020073688503220905
1502,0.006297184315990308
1503,0.007871445544285484
1504,0.00959362046512386
1505,0.0817636179472841
1506,0.06793179520496649
1507,0.062476874099038356
1508,0.05872484418164956
1509,0.03152856435461833
1510,0.049927050287419554
1511,0.025186999733227702
1512,0.022310412221325425
1513,0.044285860315579295
1514,0.10175597690823812
1515,0.11636628235312406
1516,0.052905868025891166
1517,0.024870759352580207
1518,0.04255441775961339
1519,0.013920487814625767
1520,0.033066359458703926
1521,0.020933026059831848
1522,0.06398515287025135
1523,0.037038367723306674
1524,0.05924359866276345
1525,0.005572294583072166
1526,0.004228568192694232
1527,0.0039090347200446025
1528,0.011674241680548626
1529,0.030289787241924947
1530,0.022382911851871818
1531,0.033368228459663626
1532,0.02535683687852865
1533,0.009022147245743472
1534,0.010554582966820719
1535,0.009713044007870226
1536,0.07781684945008845
1537,0.005206598494787119
1538,0.01268506274356894
1539,0.03570798115628944
1540,0.01198802247097394
1541,0.006949392220952785
1542,0.00750130829871408
1543,0.006645761964451553
1544,0.025543150962133967
1545,0.2274979075090593
1546,0.0430964821148948
1547,0.06067553832287716
1548,0.004908734627897831
1549,0.01575261406534787
1550,0.05904301564839001
1551,0.08359223958036698
1552,0.05430065266754146
1553,0.045546285410131206
1554,0.06345103065436426
1555,0.06710167123148027
1556,0.07402233614113227
1557,0.042908661028484216
1558,0.03628414623500978
1559,0.08388130065118643
1560,0.07277289553244637
1561,0.041031723420820156
1562,0.04578656329734889
1563,0.04212945460864709
1564,0.10302064891852294
1565,0.015011352312199053
1566,0.0054262922890857615
1567,0.010603838985549363
1568,0.006576202263097162
1569,0.05392562352814617
1570,0.05419522581121334
1571,0.016746992825209986
1572,0.049752797003171596
1573,0.03142053731504598
1574,0.017347272892593902
1575,0.042343433014740556
1576,0.005466473081871576
1577,0.09094906240742302
1578,0.0978316822803055
1579,0.049341054999172046
1580,0.015171866904900995
1581,0.03410690648033479
1582,0.0428391970116412
1583,0.041967432742544594
1584,0.04357943658719449
1585,0.03175346263491613
1586,0.05906962330977335
1587,0.028509275703055174
1588,0.02105553288847655
1589,0.034820447773355453
1590,0.0526071596817938
1591,0.03859119100528895
1592,0.035370535815802864
1593,0.026572473810917832
1594,0.05066772670801952
1595,0.04003750077529275
1596,0.14875810606507703
1597,0.041289097447668066
1598,0.049453026251677565
1599,0.027276622869892138
1600,0.02757907927857753
1601,0.012322437006760252
1602,0.05058568828309723
1603,0.039326280088187476
1604,0.037709813941835674
1605,0.05165376426955851
1606,0.018311396528930133
1607,0.3619164079508181
1608,0.03281477636950481
1609,0.050426305883681195
1610,0.030092137168157267
1611,0.019280920206009817
1612,0.03459514741887438
1613,0.14238124332300173
1614,0.10114906217357744
1615,0.014208977028276696
1616,0.010474697888106637
1617,0.037582717260090936
1618,0.09834506215869687
1619,0.014872859168826158
1620,0.02559641813287755
1621,0.010222058689516452
1622,0.007855072560813702
1623,0.009003125866864397
1624,0.002209338504101419
1625,0.002570685987077562
1626,0.002123200909080755
1627,0.009503702356431281
1628,0.005624613528795107
1629,0.006296266610756051
1630,0.013593680521632597
1631,0.0022999282662965127
1632,0.02484912381973754
1633,0.01943069229047827
1634,0.015302426922888015
1635,0.017325636889193294
1636,0.02523669576184612
1637,0.005263040268920768
1638,0.003479667653900632
1639,0.07101982436902829
1640,0.041834098990598215
1641,0.0349537881595842
1642,0.05319696886508473
1643,0.004820694940783383
1644,0.007915955197958905
1645,0.004113469291359095
1646,0.03330203570440139
1647,0.0334476376503112
1648,0.014126866263127681
1649,0.026206385923195304
1650,0.007923766009728495
1651,0.024722491364675324
1652,0.002400571497218601
1653,0.0038641808004478977
1654,0.0023082712065220783
1655,0.001781120490262086
1656,0.00318627478592581
1657,0.019034393666363662
1658,0.006087329488831402
1659,0.015111582459074851
1660,0.012993758036893262
1661,0.03265377513405687
1662,0.027995246027065924
1663,0.038665955042947626
1664,0.0585736919543071
1665,0.03906407283863966
1666,0.023408399519727837
1667,0.01317637737928857
1668,0.040893597536921206
1669,0.005848542967586493
1670,0.013195864418396057
1671,0.015783700705042526
1672,0.09270118461362153
1673,0.04446172549613295
1674,0.22351066981877177
1675,0.010650438000635564
1676,0.010047136003226417
1677,0.02537631705207019
1678,0.043271389556193716
1679,0.04605419231930886
1680,0.007820140922857589
1681,0.042275508723089564
1682,0.02351037530337455
1683,0.015952463763583957
1684,0.029224410506294096
1685,0.01653230817497172
1686,0.0556803615081557
1687,0.02854346716068208
1688,0.04003699808437317
1689,0.0076662733136882545
1690,0.01405820570544676
1691,0.025778101754597348
1692,0.023084573588284175
1693,0.009546480969148301
1694,0.6216931559371489
1695,0.0481709948290344
1696,0.058829188614806814
1697,0.05255056492275689
1698,0.02636523646335029
1699,0.03839134836792379
1700,0.015044600998341174
1701,0.03268985134086294
1702,0.04048705955672293
1703,0.017689516330131893
1704,0.07694998212812165
1705,0.2195652001018877
1706,0.0956603309631397
1707,0.09332564742924548
1708,0.09358346650705933
1709,0.03535493648720698
1710,0.13951672239669774
1711,0.054156821679547405
1712,0.04590985400319113
1713,0.02073742407128543
1714,0.02414101511318402
1715,0.031327086137423875
1716,0.031364341179597126
1717,0.0318206441032727
1718,0.029476573618610228
1719,0.055761625191825835
1720,0.05408096011460631
1721,0.07740603175899975
1722,0.14712730566231597
1723,0.06265741636958906
1724,0.08026869672253348
1725,0.09066985775567231
1726,0.17539799011475232
1727,0.07079502885704309
1728,0.08731834924227401
1729,0.01715670017691398
1730,0.024400057000762306
1731,0.02972029488735133
1732,0.1289766962001058
1733,0.08872310070579184
1734,0.035880179277109236
1735,0.07984794157339235
1736,0.08322078263882539
1737,0.2470880411446577
1738,0.09639253805070379
1739,0.06972002869066922
1740,0.05959545798952498
1741,0.048489147614604475
1742,0.08073236621264021
1743,0.06948398455628042
1744,0.2574936339302241
1745,0.03173657925560927
1746,0.019068499734548914
1747,0.04287120681300683
1748,0.054001118394029934
1749,0.05636695287773134
1750,0.036998791467341016
1751,0.06386664873511895
1752,0.04287718714197439
1753,0.04048697571049713
1754,0.15955895645844298
1755,0.014202032693528197
1756,0.018821122914152486
1757,0.026451895411008768
1758,0.0502047983364385
1759,0.04243078845704743
1760,0.01904490097691
1761,0.007634266732450891
1762,0.03669691713984882
1763,0.048763467768175923
1764,0.0235527955630034
1765,0.06093686243067153
1766,0.05541401853037037
1767,0.04844074194112712
1768,0.11045969299424412
1769,0.08425551572830264
1770,0.09305312506363451
1771,0.08209773468106718
1772,0.03945508620930991
1773,0.09650140026364225
1774,0.0720013110285713
1775,0.030696981933935476
1776,0.04612438944895631
1777,0.0250851281526073
1778,0.025102802634760547
1779,0.021277073549945333
1780,0.015636314894993588
1781,0.01029264202697233
1782,0.02716775194956919
1783,0.031724773243942954
1784,0.026450381903834305
1785,0.024161626684938032
1786,0.04259779107796237
1787,0.012534551299327769
1788,0.034653657169833485
1789,0.020857303750418305
1790,0.00934084374182826
1791,0.04388977207508908
1792,0.012567656169452313
1793,0.009767213948815183
1794,0.044330244754873044
1795,0.05131001788250031
1796,0.03576222712166081
1797,0.017991568361515938
1798,0.05222626845062574
1799,0.038545602171890854
1800,0.0339996073650705
1801,0.02528251561890308
1802,0.01510787392823008
1803,0.048887352085057574
1804,0.05130012699770635
1805,0.02427049000020823
1806,0.03467436298756492
1807,0.04943139933656784
1808,0.026671864126337198
1809,0.03378706359630139
1810,0.028817508168550922
1811,0.036863759217174545
1812,0.05260438853127268
1813,0.020197576133650412
1814,0.016026925993297077
1815,0.046077748087060645
1816,0.03853096559008842
1817,0.01803370759710897
1818,0.018115457701140317
1819,0.018835798988661653
1820,0.1120305853081695
1821,0.05437325309997232
1822,0.043543068084638925
1823,0.04469568499399917
1824,0.10630020083315783
1825,0.1157718521458417
1826,0.09877409219809337
1827,0.0319913441525715
1828,0.03314758890899963
1829,0.0249153902629036
1830,0.035209027139340474
1831,0.025636494441035503
1832,0.0391860959107554
1833,0.13099388919060645
1834,0.03851545658613695
1835,0.05908851868371946
1836,0.021542631161736336
1837,0.021130026044979166
1838,0.12367688365131288
1839,0.1328756298066248
1840,0.15134600576041246
1841,0.0200479512697029
1842,0.0796863628072777
1843,0.03622836074324311
1844,0.027104725270512928
1845,0.09714994661790578
1846,0.028722085800858898
1847,0.10054092119398314
1848,0.014327421827360685
1849,0.025151528448083205
1850,0.010769362451069653
1851,0.033670304240017226
1852,0.013107166099246465
1853,0.02333928505008196
1854,0.039911499905734504
1855,0.06172304528903881
1856,0.056505041630850385
1857,0.06414105469602281
1858,0.03363752640157207
1859,0.0678434988398357
1860,0.0502803584681317
1861,0.022423414968963357
1862,0.04118109817853281
1863,0.017172912769936637
1864,0.004596638211937109
1865,0.013658917052882816
1866,0.0865796837304909
1867,0.0821979880411876
1868,0.06697214461825975
1869,0.022416834764562705
1870,0.013923092193723986
1871,0.08092571332360095
1872,0.02871327997212132
1873,0.013245163072808805
1874,0.009231065933382415
1875,0.018197220101068546
1876,0.06977974342427125
1877,0.04794329424310588
1878,0.0960344046455761
1879,0.0040285251538182045
1880,0.017563077856278975
1881,0.00775404678400131
1882,0.014690782174694645
1883,0.03146898557873199
1884,0.011549114555777402
1885,0.00596867173722052
1886,0.01746120664519904
1887,0.008104626811042195
1888,0.03599718643353239
1889,0.012448413209137405
1890,0.01692539796614407
1891,0.019883353750395263
1892,0.026059535514121893
1893,0.03584961681901114
1894,0.0271834260855315
1895,0.006887511279497496
1896,0.0019446832466426794
1897,0.001469201019456974
1898,0.004900019237441748
1899,0.0063403987932085385
1900,0.004751472716750183
1901,0.001229570918763966
1902,0.014880981394482936
1903,0.0022366621784041746
1904,0.011257456033014954
1905,0.0037494346057774263
1906,0.002509728686304107
1907,0.003663143186555768
1908,0.00698302822757395
1909,0.03290320147377662
1910,0.02993951942051303
1911,0.02829399117273055
1912,0.04454104607309085
1913,0.023220945182398745
1914,0.023524138976307694
1915,0.02875012379286478
1916,0.053822986060485516
1917,0.011831318788212404
1918,0.0032598585665495313
1919,0.03587289166322248
1920,0.06321482530020506
1921,0.03756318979954032
1922,0.05769507409332197
1923,0.009912463414984024
1924,0.00956109671655078
1925,0.009126117638631885
1926,0.005948578890782569
1927,0.028346857655831652
1928,0.031355378375733156
1929,0.03750069863513634
1930,0.10162613326201612
1931,0.017062264572776962
1932,0.004133805903657022
1933,0.040800009157340285
1934,0.033084396959196585
1935,0.033730080838492056
1936,0.0250969454007639
1937,0.03608518407956312
1938,0.007781816108662107
1939,0.006822308292521141
1940,0.02429883028330334
1941,0.042973866750308946
1942,0.0182274169328651
1943,0.009901895683330884
1944,0.015673677598660233
1945,0.018760301813581647
1946,0.0470252107951375
1947,0.07509526396315
1948,0.02239079597744877
1949,0.037832995158317805
1950,0.06710199456902861
1951,0.04336269867480832
1952,0.014527896289505295
1953,0.04986351489871701
1954,0.07371168186345972
1955,0.010822201993974047
1956,0.035202732216839186
1957,0.010200948312453138
1958,0.1550971603028528
1959,0.05035438259660285
1960,0.02141038480847433
1961,0.037089485096762485
1962,0.06426350222324341
1963,0.026124294270670645
1964,0.03711239731896604
1965,0.024834888469778257
1966,0.06314043679454276
1967,0.040439227749719725
1968,0.07519322392321605
1969,0.08522071948320542
1970,0.0421526532520226
1971,0.11405442332082963
1972,0.06483423511340201
1973,0.039204216815215465
1974,0.03248911669995053
1975,0.03787187861537771
1976,0.03678571973529245
1977,0.02546129263986277
1978,0.010081010355670795
1979,0.024148963181625783
1980,0.01990043638579924
1981,0.020235095131512316
1982,0.01288974536547943
1983,0.03215506618408531
1984,0.03405376163199427
1985,0.016962706337040452
1986,0.029559035592164246
1987,0.029412280550702267
1988,0.027440364188499048
1989,0.01856438069685211
1990,0.011463555000636972
1991,0.022403172069714886
1992,0.018231028011432397
1993,0.013739042809327726
1994,0.0007251481474750316
1995,0.0022099104367674775
1996,0.0013506087275666778
1997,0.023499294489592083
1998,0.01056185667302542
1999,0.004718505927169308
2000,0.002423714911302207
2001,0.028129179808642667
2002,0.011656182254194807
2003,0.027164933282291116
2004,0.019007757684342468
2005,0.20754210412195773
2006,0.015613082419955591
2007,0.015491511242008432
2008,0.03465527354631999
2009,0.00888500186878742
2010,0.018151372212650837
2011,0.021662432788236298
2012,0.02451031370767174
2013,0.04044037515739282
2014,0.015603972308894093
2015,0.025866896487550247
2016,0.023976268270288106
2017,0.009118520698738032
2018,0.03709779279428657
2019,0.008488485781612487
2020,0.03559455054559763
2021,0.014341853233595894
2022,0.03487935425647889
2023,0.03792653029928159
2024,0.0359232861906424
2025,0.02862860191354246
2026,0.03352036519350081
2027,0.0269765659876552
2028,0.051391424319795355
2029,0.05911020874805062
2030,0.023466371690002062
2031,0.05532070206121196
2032,0.05366031606734448
2033,0.051303234587392506
2034,0.0487106794905876
2035,0.01840167363579543
2036,0.023480953816798197
2037,0.04355772595716559
2038,0.07490937778829812
2039,0.10454440941709424
2040,0.004118286741870037
2041,0.004776337072747769
2042,0.0015635621424997961
2043,0.0015829145702141725
2044,0.0012375875147685844
2045,0.014251124493452404
2046,0.0015879545178004875
2047,0.009854537907045251
2048,0.002550304277424893
2049,0.010348939538803385
2050,0.0027306213372182086
2051,0.0029490303890937586
2052,0.006475564588819828
2053,0.002649135112288833
2054,0.008898775650406116
2055,0.016896020831922688
2056,0.03238794318474158
2057,0.025893620390316018
2058,0.02647863929998355
2059,0.03185658808071672
2060,0.0354094968441151
2061,0.06597935557566201
2062,0.028627065563652406
2063,0.009184223147905615
2064,0.013867129175276723
2065,0.015760734127027654
2066,0.008954663183491397
2067,0.0053121867775704976
2068,0.013039238083769358
2069,0.10884858180852501
2070,0.1762534863444351
2071,0.06393181762654196
2072,0.028791309579462278
2073,0.07041422787347612
2074,0.04130701699440917
2075,0.11664939127886041
2076,0.04009420102848521
2077,0.024445607974833146
2078,0.012977859039219962
2079,0.017814027367302258
2080,0.012831413493437593
2081,0.020474291081115367
2082,0.018738040776590484
2083,0.0181310852260805
2084,0.02097140257108901
2085,0.023195435992801768
2086,0.04974138916882391
2087,0.021845407670477407
2088,0.006060682130389069
2089,0.013972913724736597
2090,0.007429181904062339
2091,0.02948626461575315
2092,0.07224038973696224
